{"initial_reset_timestamp": 1659963950.9165761, "timestamps": [1659963958.417805], "episode_lengths": [200], "episode_rewards": [-304.06236766297366], "episode_types": ["t"]}